year,inflation_rate,exchange_rate,gdp_growth,unemployment_rate,oil_rents_pct_gdp,reserves_usd_billion,current_account_pct_gdp
1960,5.44432736187238,0.714285999714286,,,,0.34,
1961,6.27914723477519,0.714285999714286,0.191795489572229,,,0.31,
1962,5.26563234621725,0.714285999714286,4.10299258868014,,,0.29,
1963,-2.69465535232729,0.714285999714286,8.57861891529701,,,0.21,
1964,0.856793145737561,0.714285999714286,4.95048866604155,,,0.23,
1965,4.1034587381162,0.714285999714286,4.88497683412908,,,0.24,
1966,9.69034608375115,0.714285999714286,-4.25051418415514,,,0.22,
1967,-3.72633676514213,0.714285999714286,-15.7436282082049,,,0.11,
1968,-0.476059059060828,0.714285999714286,-1.24836024581224,,,0.12,
1969,10.1559792028219,0.714285999714286,24.1973839456808,,,0.13,
1970,13.757079924793,0.714285999714286,25.0072419293896,,0.744583874202483,0.22,
1971,15.9991148482235,0.712855832988096,14.2375315562508,,0.570453170827289,0.43,
1972,3.45764975201502,0.657894999,3.3642620350363,,1.73540426995942,0.39,
1973,5.40266445394219,0.657894999,5.39276048395909,,2.79133237194799,0.62,
1974,12.674393177433,0.630282046248239,11.1606745454862,,26.9907856714977,5.71,
1975,33.9641883221776,0.615501553350787,-5.22774755532079,,18.264625689521,5.67,
1976,24.2999999999997,0.626601003665369,9.04235172630207,,16.2579292072575,5.26,
1977,15.0878340572688,0.644701062141186,6.02411784954168,,20.412281031815,4.34,-2.82
1978,21.7092457416664,0.635271994265801,-5.76415839390282,,16.4070585230072,2.03,-10.28
1979,11.7097306212117,0.604007374017144,6.75943093519177,,40.906778772599,5.9,3.53
1980,9.97226199001429,0.546780891916083,4.20483104427292,,24.7025134759538,10.64,8.06
1981,20.8128229121949,0.617708175028805,-13.1278804850514,,3.90947139545585,4.17,-3.94
1982,7.69774724714248,0.673461261528524,-6.80338881534801,,1.57387573008516,1.93,-5.1
1983,23.2123315511559,0.724409851151574,-10.9240850339388,,4.62229786170895,1.25,-4.46
1984,17.8205332860842,0.766527449112392,-1.11562321716821,,8.0029614407281,1.67,0.17
1985,7.43534482758627,0.893774083333333,5.91302745911393,,9.36777496664601,1.89,3.53
1986,5.71715145436308,1.75452300407481,0.0609452742066878,,4.23930215420131,1.35,0.38
1987,11.2903225806451,4.0160373443363,3.20012546702944,,8.76376619051025,1.5,-0.14
1988,54.5112247797672,4.53696666666667,7.33402548758716,,7.85120632984746,0.93,-0.6
1989,50.4666881235916,7.364735,1.91938129589555,,19.9070837346417,2.04,2.48
1990,7.36440030557697,8.038285,11.7768859342067,,21.9637183323591,4.13,9.23
1991,13.0069731037427,9.90949166666666,0.358352601622002,3.831,14.3917349452664,4.68,2.02
1992,44.588842715023,17.298425,4.63119294610988,3.79,17.3838477866202,1.2,4.36
1993,57.1652528349217,22.0654,-2.03511877399539,4.023,28.7054393824039,1.64,-1.38
1994,57.031708911966,21.996,-1.81492448517923,4.064,18.6990486531124,1.65,-2.65
1995,72.8355022972636,21.8952583333333,-0.0726647640626794,4.152,16.2953221371822,1.71,-0.57
1996,29.2682926829272,21.884425,4.19592404666709,4.043,16.7094356163404,4.33,0.59
1997,8.52987421383633,21.88605,2.93709941923106,3.964,14.538489437452,7.78,0.08
1998,9.99637812386806,21.886,2.58125410190809,3.922,7.09759652792726,7.3,-0.55
1999,6.61837339479756,92.3381,0.584126892882125,3.986,10.1094177919185,5.65,0.86
2000,6.9332921556516,101.697333333333,5.01593475936546,3.953,22.0499275524037,10.1,10.74
2001,18.8736462093863,111.23125,5.91768464924425,3.9,15.2354705757222,10.65,3.37
2002,12.8765792031099,120.578158333333,15.3291557409618,3.669,11.1446404443733,7.57,1.14
2003,14.0317836131437,129.22235,7.34719496793299,3.637,12.1202192108891,7.42,3.24
2004,14.9980338183251,132.888025,9.25055822923169,3.59,14.4183481253408,17.26,12.4
2005,17.8634933661605,131.274333333333,6.43851652535925,3.727,17.695803965512,28.63,20.79
2006,8.22743678120907,128.651666666667,6.05942803202491,3.749,14.8803763188218,42.74,15.31
2007,5.38610421570143,125.808108333333,6.59113036066867,3.794,13.8343651228424,51.91,9.94
2008,11.583054796681,118.566666666667,6.76447277784263,3.792,15.529944090028,53.6,8.59
2009,12.5379242951095,148.88,8.03692510100366,3.763,8.67398818858118,43.13,4.7
2010,13.7400521363694,150.2975,8.00565591623166,3.744,12.0986066267503,33.31,3.57
2011,10.8261371880018,153.8625,5.30792420293915,3.77,15.5113433318503,33.69,2.57
2012,12.2242413020582,157.5,4.23006117492493,3.761,13.0904727134596,44.97,3.74
2013,8.49551838265678,157.311666666667,6.67133539308232,3.711,9.88011499667836,43.68,3.66
2014,8.04741087967907,158.552641666667,6.30971865521856,3.9,7.0738580847829,35.07,0.16
2015,9.00943498007706,192.440333333333,2.65269329541779,4.134,2.78345150643408,29.01,-3.13
2016,15.6968126387972,253.492,-1.61686894903467,4.499,2.68429043488445,28.02,1.25
2017,16.5022662139641,305.790109160005,0.805886619091581,4.83,5.47262882301734,40.5,3.61
2018,12.0951065173432,306.083688245234,1.92275734199798,5.069,7.69068153465603,43.72,1.73
2019,11.3964223378115,306.920951495222,2.20842927835211,5.206,6.51475056054778,39.38,-2.05
2020,13.2460234276598,358.810797258297,-6.36889840468527,5.714,3.31241719212516,38.03,-2.67
2021,16.9528457221608,401.152029220779,1.109252540249,5.404,6.24674969005013,41.73,-0.53
2022,18.8471877843274,425.979158066857,4.31882949157136,3.827,,36.81,0.16
2023,24.659550203114,645.194067883201,3.31590368111438,3.074,,33.45,1.32
2024,33.2416590552749,1478.96519740023,4.07106650147703,3.045,,40.41,7.54
2025,23.0101235833333,1518.38094813368,4.01336180700973,3.064,,46.02,4.83
